{
  "analysis_timestamp": "2025-07-23T00:35:24.356353",
  "arrival_times": {
    "p_wave_arrival": 1.2,
    "s_wave_arrival": 3.2,
    "surface_wave_arrival": 8.2,
    "sp_time_difference": 2.0
  },
  "magnitude_estimates": [
    {
      "method": "ML",
      "magnitude": 4.2,
      "confidence": 0.85,
      "wave_type_used": "P",
      "metadata": {
        "station_correction": -0.1
      }
    },
    {
      "method": "Ms",
      "magnitude": 4.1,
      "confidence": 0.78,
      "wave_type_used": "Love",
      "metadata": {
        "period": 20.0
      }
    }
  ],
  "epicenter_distance": 42.5,
  "frequency_analysis": {
    "P": {
      "dominant_frequency": 8.5,
      "frequency_range": [
        1.0,
        25.0
      ],
      "spectral_centroid": 9.2,
      "bandwidth": 18.0,
      "frequencies": [
        0.0,
        0.5050505050505051,
        1.0101010101010102,
        1.5151515151515151,
        2.0202020202020203,
        2.5252525252525255,
        3.0303030303030303,
        3.5353535353535355,
        4.040404040404041,
        4.545454545454546,
        5.050505050505051,
        5.555555555555556,
        6.0606060606060606,
        6.565656565656566,
        7.070707070707071,
        7.575757575757576,
        8.080808080808081,
        8.585858585858587,
        9.090909090909092,
        9.595959595959597,
        10.101010101010102,
        10.606060606060607,
        11.111111111111112,
        11.616161616161618,
        12.121212121212121,
        12.626262626262626,
        13.131313131313131,
        13.636363636363637,
        14.141414141414142,
        14.646464646464647,
        15.151515151515152,
        15.656565656565657,
        16.161616161616163,
        16.666666666666668,
        17.171717171717173,
        17.67676767676768,
        18.181818181818183,
        18.68686868686869,
        19.191919191919194,
        19.6969696969697,
        20.202020202020204,
        20.70707070707071,
        21.212121212121215,
        21.71717171717172,
        22.222222222222225,
        22.72727272727273,
        23.232323232323235,
        23.73737373737374,
        24.242424242424242,
        24.747474747474747,
        25.252525252525253,
        25.757575757575758,
        26.262626262626263,
        26.767676767676768,
        27.272727272727273,
        27.77777777777778,
        28.282828282828284,
        28.78787878787879,
        29.292929292929294,
        29.7979797979798,
        30.303030303030305,
        30.80808080808081,
        31.313131313131315,
        31.81818181818182,
        32.323232323232325,
        32.82828282828283,
        33.333333333333336,
        33.83838383838384,
        34.343434343434346,
        34.84848484848485,
        35.35353535353536,
        35.85858585858586,
        36.36363636363637,
        36.86868686868687,
        37.37373737373738,
        37.87878787878788,
        38.38383838383839,
        38.88888888888889,
        39.3939393939394,
        39.8989898989899,
        40.40404040404041,
        40.909090909090914,
        41.41414141414142,
        41.919191919191924,
        42.42424242424243,
        42.929292929292934,
        43.43434343434344,
        43.939393939393945,
        44.44444444444445,
        44.949494949494955,
        45.45454545454546,
        45.959595959595966,
        46.46464646464647,
        46.969696969696976,
        47.47474747474748,
        47.979797979797986,
        48.484848484848484,
        48.98989898989899,
        49.494949494949495,
        50.0
      ],
      "power_spectrum": [
        1.0013886457543626,
        0.9522587740360894,
        0.8905059578153457,
        0.8552132575144802,
        0.8079788939386461,
        0.770881783088769,
        0.7462313234353892,
        0.7047252861586925,
        0.6706902279407327,
        0.6377239549800544,
        0.6009717161104708,
        0.5814002226112652,
        0.5197582812370047,
        0.523024417128424,
        0.48146684093861764,
        0.47514315280919034,
        0.45489792810022023,
        0.4273717574595619,
        0.4047109968783235,
        0.38040631095881605,
        0.36152574741632076,
        0.340118128051228,
        0.3369101775392107,
        0.318673591844003,
        0.28388643596042673,
        0.28090195798561757,
        0.2649952176930694,
        0.26084025653853254,
        0.23525404772816652,
        0.2431211305334722,
        0.21128828407138284,
        0.2206116489569272,
        0.18323284627866168,
        0.18771629531352646,
        0.1808211410433421,
        0.1654171620385797,
        0.16881352084415407,
        0.16314492824886162,
        0.1528379787158321,
        0.12685758902726332,
        0.13251449639559143,
        0.1131558131640242,
        0.11937880043626205,
        0.11565837796992685,
        0.11290875309880852,
        0.09827506580007783,
        0.09255899797611036,
        0.07420887620752531,
        0.10490232085699559,
        0.07904573869058498,
        0.07873845507358977,
        0.07753003389513881,
        0.05581577676670302,
        0.07264976113755725,
        0.06782660719918501,
        0.06638119269940762,
        0.06084097491293199,
        0.05540309492328754,
        0.052926008185708806,
        0.052436211075712155,
        0.05489843268581638,
        0.031686637293779206,
        0.03272732347567963,
        0.042973380171397554,
        0.03557050842427527,
        0.04068663830753258,
        0.025227892438045574,
        0.032550088334846336,
        0.015355236930684066,
        0.045404720806887996,
        0.028395101024325544,
        0.014414819595344169,
        0.031036944911260335,
        0.017119339413455073,
        0.03358458572412914,
        0.03358124026728575,
        0.028610091723338827,
        0.022192688719500697,
        0.008945407118765982,
        0.019507607801223736,
        0.018757048263441014,
        0.03436675640241009,
        0.03125063720796053,
        0.010383004042235904,
        0.02683146432859139,
        -0.01317964463098492,
        0.01963750338342682,
        0.01307810507261706,
        0.01621272656259834,
        0.011514490764626153,
        0.01075614408769744,
        0.019784465091579738,
        0.0011260415024719611,
        0.022700547481761497,
        0.023194852097261798,
        0.022190612251045683,
        0.010851497243307584,
        0.023238661105743533,
        -0.00524235804848778,
        3.9690938655985615e-05
      ]
    }
  },
  "quality_metrics": {
    "signal_to_noise_ratio": 10.2,
    "detection_confidence": 0.85,
    "analysis_quality_score": 0.82,
    "data_completeness": 0.98,
    "processing_warnings": [
      "Low SNR in surface waves"
    ]
  },
  "processing_metadata": {
    "processing_time": 2.34,
    "model_version": "1.0.0",
    "algorithm": "ML-based detection"
  },
  "wave_summary": {
    "total_waves_detected": 3,
    "wave_types_detected": [
      "S",
      "P",
      "Love"
    ],
    "p_waves_count": 1,
    "s_waves_count": 1,
    "surface_waves_count": 1
  }
}